{"nodes":{},"selection":[],"view":{"scroll":{"x":-248.6519775390625,"y":-74.761894226074219},"zoom":0.75}}